=IMAGE("http://www.asahiinryo.co.jp/web-service/common/products/asahiinryo/2B741.png"), アサヒ, 果汁飲料, 沖縄バヤリース オレンジ
=IMAGE("http://www.asahiinryo.co.jp/web-service/common/products/asahiinryo/2B920_DB2_020.png"), アサヒ, 果汁飲料, 沖縄バヤリース パイン
=IMAGE("http://www.asahiinryo.co.jp/web-service/common/products/asahiinryo/2B908_DB2_020.png"), アサヒ, 果汁飲料, 沖縄バヤリース シークヮサー入り柑10%
=IMAGE("http://www.asahiinryo.co.jp/web-service/common/products/asahiinryo/2B748.png"), アサヒ, 果汁飲料, 沖縄バヤリース シークヮサー入り柑100%
=IMAGE("http://www.asahiinryo.co.jp/web-service/common/products/asahiinryo/2B751_DB2_5.png"), アサヒ, 果汁飲料, 沖縄バヤリース 南国シリーズマンゴー
=IMAGE("http://www.asahiinryo.co.jp/web-service/common/products/asahiinryo/2B750_DB2_5.png"), アサヒ, 果汁飲料, 沖縄バヤリース 南国シリーズグァバ
=IMAGE("http://www.asahiinryo.co.jp/web-service/common/products/asahiinryo/2B752_DB2_5.png"), アサヒ, 果汁飲料, 沖縄バヤリース 南国シリーズ シークヮサー
=IMAGE("http://www.calpis.info/products/calpis/img/ichigo16_1.jpg"), カルピス, 乳性飲料, カルピスいちご
=IMAGE("http://www.calpis.info/products/milkybeverage/img/cs_koime_16_1.jpg"), カルピス, 乳性飲料, カルピスソーダ濃いめ
=IMAGE("http://www.calpis.info/products/milkybeverage/img/koime_orange16_1.jpg"), カルピス, 乳性飲料, 濃いめのカルピスオレンジ
=IMAGE("http://www.calpis.info/products/milkybeverage/img/tokeau_ringo_16_1.jpg"), カルピス, 乳性飲料, とけあうりんご＆カルピス
=IMAGE("http://www.asahiinryo.co.jp/web-service/common/products/asahiinryo/2C6F1_DB2_5.png"), アサヒ, コーヒー飲料, ドトール カフェ・オ・レ
=IMAGE("http://www.asahiinryo.co.jp/web-service/common/products/asahiinryo/2B900_DB2_020.png"), アサヒ, 果汁飲料, バヤリース オレンジ
=IMAGE("http://www.asahiinryo.co.jp/web-service/common/products/asahiinryo/2B797_DB2_020.png"), アサヒ, 果汁飲料, バヤリース アップル
=IMAGE("http://www.asahiinryo.co.jp/web-service/common/products/asahiinryo/2B926_DB2_020.png"), アサヒ, 果汁飲料, グリーンバヤリース 早摘みアセロラ＆レモン
=IMAGE("http://www.asahiinryo.co.jp/web-service/common/products/asahiinryo/2B924_DB2_020.png"), アサヒ, 果汁飲料, バヤリース オレンジクラシック
=IMAGE("http://www.asahiinryo.co.jp/web-service/common/products/asahiinryo/2E0GD_DB2_020.jpg"), アサヒ, 果汁飲料, Welch's G
=IMAGE("http://www.asahiinryo.co.jp/web-service/common/products/asahiinryo/2CX7B.jpg"), アサヒ, 果汁飲料, Welch's グレープ50
=IMAGE("http://www.asahiinryo.co.jp/web-service/common/products/asahiinryo/2CXUL_DB2_5.jpg"), アサヒ, 果汁飲料, Welch's こだわりのグレープ
=IMAGE("http://www.asahiinryo.co.jp/web-service/common/products/asahiinryo/2E06C_DB2_5.jpg"), アサヒ, 果汁飲料, Welch's FRUIT WATER
=IMAGE("http://www.asahiinryo.co.jp/web-service/common/products/asahiinryo/2E0JY_DB2_020.png"), アサヒ, 果汁飲料, Welch's マスカットスパークリング
=IMAGE("http://www.asahiinryo.co.jp/web-service/common/products/asahiinryo/2E0L6_DB2_020.png"), アサヒ, 果汁飲料, Welch's こだわりのグレープ白
=IMAGE("http://www.asahiinryo.co.jp/web-service/common/products/asahiinryo/2E0LW.png"), アサヒ, 果汁飲料, Welch's ほろにがスパークリング
=IMAGE("http://www.asahiinryo.co.jp/web-service/common/products/asahiinryo/2C7N6_DB2_020.png"), アサヒ, 炭酸飲料, 三ツ矢サイダー
=IMAGE("http://www.asahiinryo.co.jp/web-service/common/products/asahiinryo/2C7R8_DB2_020.png"), アサヒ, 炭酸飲料, 三ツ矢サイダー ゼロストロング
=IMAGE("http://www.asahiinryo.co.jp/web-service/common/products/asahiinryo/2C9J5_DB2_020.png"), アサヒ, 炭酸飲料, 三ツ矢 澄みきるグレープサイダー
=IMAGE("http://www.asahiinryo.co.jp/web-service/common/products/asahiinryo/2C9J2_DB2_020.png"), アサヒ, 炭酸飲料, 三ツ矢 澄みきるオレンジサイダー
=IMAGE("http://www.asahiinryo.co.jp/web-service/common/products/asahiinryo/2C6Y5_DB2_5.png"), アサヒ, 炭酸飲料, 三ツ矢 白いサイダー
=IMAGE("http://www.asahiinryo.co.jp/web-service/common/products/asahiinryo/2C7H0_DB2_5.jpg"), アサヒ, 炭酸飲料, 三ツ矢梅咲
=IMAGE("http://www.asahiinryo.co.jp/web-service/common/products/asahiinryo/2C9G7_DB2_020.png"), アサヒ, 炭酸飲料, ぜいたく三ツ矢 広島県産はっさく
=IMAGE("http://www.asahiinryo.co.jp/web-service/common/products/asahiinryo/2C9H5_DB2_020.png"), アサヒ, 炭酸飲料, 三ツ矢サイダー W
=IMAGE("http://www.asahiinryo.co.jp/web-service/common/products/asahiinryo/2T115_DB2_020.png"), アサヒ, 炭酸飲料, ウィルキンソンタンサン
=IMAGE("http://www.asahiinryo.co.jp/web-service/common/products/asahiinryo/2T117_DB2_020.png"), アサヒ, 炭酸飲料, ウィルキンソンタンサン レモン
=IMAGE("http://www.asahiinryo.co.jp/web-service/common/products/asahiinryo/2T126_DB2_020.png"), アサヒ, 炭酸飲料, ウィルキンソンタンサン ドライコーラ
=IMAGE("http://www.asahiinryo.co.jp/web-service/common/products/asahiinryo/2T062_DB2_5.png"), アサヒ, 炭酸飲料, ウィルキンソン ジンジャエール
=IMAGE("http://www.asahiinryo.co.jp/web-service/common/products/asahiinryo/2T079_DB2_5.png"), アサヒ, 炭酸飲料, ウィルキンソンタンサン ミキシンググレープフルーツ
=IMAGE("http://www.asahiinryo.co.jp/web-service/common/products/asahiinryo/2E0GD_DB2_020.jpg"), アサヒ, 炭酸飲料, Welch's G
=IMAGE("http://www.asahiinryo.co.jp/web-service/common/products/asahiinryo/2E0JY_DB2_020.png"), アサヒ, 炭酸飲料, Welch's マスカットスパークリング
=IMAGE("http://www.asahiinryo.co.jp/web-service/common/products/asahiinryo/2E0LW.png"), アサヒ, 炭酸飲料, Welch's ほろにがスパークリング
=IMAGE("http://www.asahiinryo.co.jp/web-service/common/products/asahiinryo/2C4N0_DB2_5.png"), アサヒ, スポーツ飲料, スーパーH2O
=IMAGE("http://www.asahiinryo.co.jp/web-service/common/products/asahiinryo/2C7S1_DB2_020.png"), アサヒ, スポーツ飲料, ドデカミン
=IMAGE("http://www.asahiinryo.co.jp/web-service/common/products/asahiinryo/2C6B5_DB2_5.png"), アサヒ, スポーツ飲料, ファイバー7500
=IMAGE("http://www.asahiinryo.co.jp/web-service/common/products/asahiinryo/2C0V5_DB2_5.png"), アサヒ, スポーツ飲料, LLビタミン
=IMAGE("http://www.asahiinryo.co.jp/web-service/common/products/asahiinryo/2C7H5_DB2_5.png"), アサヒ, 緑茶, 十六茶
=IMAGE("http://www.asahiinryo.co.jp/web-service/common/products/asahiinryo/2C7S5_DB2_020.png"), アサヒ, 緑茶, 食事と一緒に十六茶W
=IMAGE("http://www.asahiinryo.co.jp/web-service/common/products/asahiinryo/2C9F1_DB2_020.png"), アサヒ, 緑茶, あっまる十六茶
=IMAGE("http://www.asahiinryo.co.jp/web-service/common/products/asahiinryo/2C7G7_DB2_020.png"), アサヒ, その他お茶, 六条麦茶
=IMAGE("http://www.asahiinryo.co.jp/web-service/common/products/asahiinryo/2C7L8_DB2_020.png"), アサヒ, 緑茶, なだ万監修旨みの日本茶
=IMAGE("http://www.asahiinryo.co.jp/web-service/common/products/asahiinryo/2C9G9_DB2_020.png"), アサヒ, 緑茶, なだ万監修旨みの日本茶玉露仕立て
=IMAGE("http://www.asahiinryo.co.jp/web-service/common/products/asahiinryo/2C6D9_DB2_5.png"), アサヒ, その他お茶, 食事の脂にこの1杯
=IMAGE("http://www.asahiinryo.co.jp/web-service/common/products/asahiinryo/2C6D7_DB2_5.png"), アサヒ, その他お茶, 食事の脂にこの1本
=IMAGE("http://www.asahiinryo.co.jp/web-service/common/products/asahiinryo/2C6E0_DB2_5.png"), アサヒ, その他お茶, 食事の脂にこの1本。緑茶ブレンド
=IMAGE("http://www.asahiinryo.co.jp/web-service/common/products/asahiinryo/2C5V9_DB2_5.png"), アサヒ, その他お茶, 一級茶葉烏龍茶
=IMAGE("http://www.asahiinryo.co.jp/web-service/common/products/asahiinryo/2C9A2_DB2_020.png"), アサヒ, 紅茶, フォション やさしい紅茶ストレートティー
=IMAGE("http://www.asahiinryo.co.jp/web-service/common/products/asahiinryo/2CX5M.jpg"), アサヒ, その他お茶, 黒豆黒茶
=IMAGE("http://www.asahiinryo.co.jp/web-service/common/products/asahiinryo/2C7K7_DB2_020.png"), アサヒ, ミネラルウォーター, おいしい水富士山
=IMAGE("http://www.asahiinryo.co.jp/web-service/common/products/asahiinryo/2C7L5_DB2_020.png"), アサヒ, ミネラルウォーター, おいしい水六甲
=IMAGE("http://www.asahiinryo.co.jp/web-service/common/products/asahiinryo/2C7L0_DB2_020.png"), アサヒ, ミネラルウォーター, おいしい水富士山のバナジウム天然水
=IMAGE("http://www.asahiinryo.co.jp/web-service/common/products/asahiinryo/2C9D1_DB2_020.png"), アサヒ, ミネラルウォーター, おいしい水プラスカルピスの乳酸菌
