=IMAGE("http://m.suntory.co.jp/products/pimg/FBTF5_R1_20160122.jpg"),サントリー,コーヒー飲料,ボス とろけるカフェオレ
=IMAGE("http://m.suntory.co.jp/products/pimg/FBK3G_R1_20140612.jpg"),サントリー,コーヒー飲料,ボス とろけるカフェオレホット
=IMAGE("http://m.suntory.co.jp/products/pimg/FBTB5_R1_20160122.jpg"),サントリー,コーヒー飲料,ボス とろけるカフェオレビター
=IMAGE("http://m.suntory.co.jp/products/pimg/FBLSN_R1_20150430.jpg"),サントリー,コーヒー飲料,ボスカフェ ホワイトラテ
=IMAGE("http://m.suntory.co.jp/products/pimg/FBLBN_R1_20150430.jpg"),サントリー,コーヒー飲料,ボスカフェ ダークプレッソ
=IMAGE("http://m.suntory.co.jp/products/pimg/FBBLP_R1_20150430.jpg"),サントリー,コーヒー飲料,ボスカフェ バナナテラ
=IMAGE("http://m.suntory.co.jp/products/pimg/FBN5N_R1_20160804.jpg"),サントリー,コーヒー飲料,ボス テラベース無糖
=IMAGE("http://m.suntory.co.jp/products/pimg/FBA5N_R1_20160804.jpg"),サントリー,コーヒー飲料,ボス テラベース甘さ控えめ
=IMAGE("http://m.suntory.co.jp/products/pimg/FBK5P_R1_20160422.jpg"),サントリー,コーヒー飲料,ボス デカフェブラック
=IMAGE("http://m.suntory.co.jp/products/pimg/FBE5P_R1_20160804.jpg"),サントリー,コーヒー飲料,ボス テラベース焦がしキャラメル
=IMAGE("http://m.suntory.co.jp/products/pimg/PSZ5R_R1_20160510.jpg"),ペプシ,コーラ,ペプシストロング5.0GV<ゼロ>
=IMAGE("http://m.suntory.co.jp/products/pimg/PSR5R_R1_20160510.jpg"),ペプシ,コーラ,ペプシストロング5.0GV
=IMAGE("http://m.suntory.co.jp/products/pimg/PSRPT_R1_20160510.jpg"),ペプシ,コーラ,ペプシストロング
=IMAGE("http://m.suntory.co.jp/products/pimg/PTH5A_R1_20160930.jpg"),ペプシ,コーラ,ペプシスペシャル(特保)
=IMAGE("http://m.suntory.co.jp/products/pimg/PTL5R_R1_20160708.jpg"),ペプシ,コーラ,ペプシスペシャルレモンミント(特保)
=IMAGE("http://m.suntory.co.jp/products/pimg/PC5PE_R1_20140319.jpg"),ペプシ,コーラ,ペプシコーラ
=IMAGE("http://m.suntory.co.jp/products/pimg/PPI5P_R1_20141030.jpg"),ペプシ,コーラ,ペプシピンクコーラ
=IMAGE("http://m.suntory.co.jp/products/pimg/PP5VP_R1_20150805.jpg"),ペプシ,コーラ,ペプシゴースト
=IMAGE("http://m.suntory.co.jp/products/pimg/PWC5P_R1_20151013.jpg"),ペプシ,コーラ,ペプシホワイトコーラ
=IMAGE("http://m.suntory.co.jp/products/pimg/FYTF5_R1_20160223.jpg"),サントリー,果汁飲料,なっちゃんオレンジ
=IMAGE("http://m.suntory.co.jp/products/pimg/FYLF5_R1_20151204.jpg"),サントリー,果汁飲料,なっちゃんりんご
=IMAGE("http://m.suntory.co.jp/products/pimg/FNB5F_R1_20151222.jpg"),サントリー,果汁飲料,なっちゃんぶどう
=IMAGE("http://m.suntory.co.jp/products/pimg/FAD9F_R1_20150316.jpg"),ニチレイ,果汁飲料,アセロラドリンク
=IMAGE("http://m.suntory.co.jp/products/pimg/FAR5G_R1_20160303.jpg"),ニチレイ,果汁飲料,アセロラリフレッシュ
=IMAGE("http://m.suntory.co.jp/products/pimg/FHL5R_R1_20140708.jpg"),サントリー,果汁飲料,はちみつレモン
=IMAGE("http://m.suntory.co.jp/products/pimg/FHH3N_R1_20160708.jpg"),サントリー,果汁飲料,ホットはちみつレモン
=IMAGE("http://m.suntory.co.jp/products/pimg/FE5AL_R1_20160615.jpg"),サントリー,緑茶,伊右衛門
=IMAGE("http://m.suntory.co.jp/products/pimg/HET5N_R1_20160609.jpg"),サントリー,緑茶,伊右衛門 特茶(特保)
=IMAGE("http://m.suntory.co.jp/products/pimg/FER5E_R1_20160212.jpg"),サントリー,緑茶,伊右衛門 贅沢冷茶
=IMAGE("http://m.suntory.co.jp/products/pimg/FEG5D_R1_20151118.jpg"),サントリー,その他お茶,伊右衛門 玄米茶
=IMAGE("http://m.suntory.co.jp/products/pimg/FEH5N_R1_20160609.jpg"),サントリー,緑茶,ホット伊右衛門
=IMAGE("http://m.suntory.co.jp/products/pimg/HETHR_R1_20160714.jpg"),サントリー,緑茶,ホット伊右衛門 特茶(特保)
=IMAGE("http://m.suntory.co.jp/products/pimg/FEJH5_R1_20160609.jpg"),サントリー,その他お茶,ホット伊右衛門 焙じ茶
=IMAGE("http://m.suntory.co.jp/products/pimg/FED5P_R1_20150420.jpg"),サントリー,その他お茶,伊右衛門 ジャスミン
=IMAGE("http://m.suntory.co.jp/products/pimg/FETFM_R1_20150527.jpg"),サントリー,その他お茶,伊右衛門 朝のアイスティー
=IMAGE("http://m.suntory.co.jp/products/pimg/FEN5R_R1_20160315.jpg"),サントリー,緑茶,伊右衛門 濃いめ
=IMAGE("http://m.suntory.co.jp/products/pimg/FETF1_R1_20160520.jpg"),サントリー,緑茶,伊右衛門 爽やかグリーンティー
=IMAGE("http://m.suntory.co.jp/products/pimg/HEB5P_R1_20160530.jpg"),サントリー,その他お茶,特茶カフェインゼロ(特保）
=IMAGE("http://m.suntory.co.jp/products/pimg/FEJA5_R1_20160609.jpg"),サントリー,その他お茶,伊右衛門 ほうじ茶関西限定
=IMAGE("http://m.suntory.co.jp/products/pimg/FEJH2_R1_20150805.jpg"),サントリー,その他お茶,伊右衛門 焙じ茶
=IMAGE("http://m.suntory.co.jp/products/pimg/HEBH5_R1_20160714.jpg"),サントリー,その他お茶,ホット特茶カフェインゼロ(特保)
=IMAGE("http://m.suntory.co.jp/products/pimg/FEGH5_R1_20161007.jpg"),サントリー,その他お茶,ホット伊右衛門ジャスミン
=IMAGE("http://m.suntory.co.jp/products/pimg/FETF5_R1_20160926.jpg"),サントリー,その他お茶,伊右衛門SPARKLING DRY
=IMAGE("http://m.suntory.co.jp/products/pimg/FNBBF_R1_20160122.jpg"),サントリー,乳性飲料,ビックル
=IMAGE("http://m.suntory.co.jp/products/pimg/FGB5T_R1_20160208.jpg"),サントリー,乳性飲料,ビックル500
=IMAGE("http://m.suntory.co.jp/products/pimg/FYLL5_R1_20160714.jpg"),リプトン,紅茶,リモーネ
=IMAGE("http://m.suntory.co.jp/products/pimg/FLE5T_R1_20160708.jpg"),リプトン,紅茶,アップルティー
=IMAGE("http://m.suntory.co.jp/products/pimg/FMKT5_R1_20160708.jpg"),リプトン,紅茶,ミルクキャラメルティー
=IMAGE("http://m.suntory.co.jp/products/pimg/FCL5L_R1_20160122.jpg"),サントリー,炭酸飲料,C.C.レモン
=IMAGE("http://m.suntory.co.jp/products/pimg/FCZ5G_R1_20160208.jpg"),サントリー,炭酸飲料,C.C.レモンフレッシュゼロ
=IMAGE("http://m.suntory.co.jp/products/pimg/FCCBP_R1_20140820.jpg"),サントリー,炭酸飲料,C.C.レモン大人のビターレモン
=IMAGE("http://m.suntory.co.jp/products/pimg/FCLS5_R1_20160510.jpg"),サントリー,炭酸飲料,C.C.スポーツ
=IMAGE("http://m.suntory.co.jp/products/pimg/FCY3A_R1_20160520.jpg"),サントリー,炭酸飲料,シャキッとすっぱいC.C.レモン
=IMAGE("http://m.suntory.co.jp/products/pimg/FDD5E_R1_20151222.jpg"),サントリー,炭酸飲料,デカビタCダブルスーパーチャージ
=IMAGE("http://m.suntory.co.jp/products/pimg/FORF4_R1_20160324.jpg"),オレンジーナ,炭酸飲料,オランジーナ
=IMAGE("http://m.suntory.co.jp/products/pimg/FOB4P_R1_20151222.jpg"),オレンジーナ,炭酸飲料,ブラッドオランジーナ
=IMAGE("http://m.suntory.co.jp/products/pimg/FOL4N_R1_20160324.jpg"),オレンジーナ,炭酸飲料,ハニーレモンジーナ
=IMAGE("http://m.suntory.co.jp/products/pimg/FORE4_R1_20160826.jpg"),オレンジーナ,炭酸飲料,ホリデーミックスウィズベリー
=IMAGE("http://m.suntory.co.jp/products/pimg/FPMP4_R1_20150427.jpg"),サントリー,炭酸飲料,POPメロンソーダ
=IMAGE("http://m.suntory.co.jp/products/pimg/FLD5H_R1_20130208.jpg"),サントリー,スポーツ飲料,DAKARAフレッシュスタート
=IMAGE("http://m.suntory.co.jp/products/pimg/FVT5T_R1_20150527.jpg"),サントリー,スポーツ飲料,ビタミンウォーター
=IMAGE("http://m.suntory.co.jp/products/pimg/FDG6R_R1_20160324.jpg"),サントリー,スポーツ飲料,GREEN DA・KA・RA
=IMAGE("http://m.suntory.co.jp/products/pimg/FDM6L_R1_20160324.jpg"),サントリー,その他お茶,GREEN DA・KA・RAやさしい麦茶
=IMAGE("http://m.suntory.co.jp/products/pimg/FU5HA_R1_20140109.jpg"),サントリー,その他お茶,ウーロン茶
=IMAGE("http://m.suntory.co.jp/products/pimg/HBUN3_R1_20150106.jpg"),サントリー,その他お茶,黒烏龍茶
=IMAGE("http://m.suntory.co.jp/products/pimg/HBUHE_R1_20160913.jpg"),サントリー,その他お茶,ホット黒烏龍茶
=IMAGE("http://m.suntory.co.jp/products/pimg/HBJ3A_R1_20150715.jpg"),サントリー,その他お茶,黒烏龍茶香るジャスミン
=IMAGE("http://m.suntory.co.jp/products/pimg/HGM3T_R1_20141016.jpg"),サントリー,その他お茶,胡麻麦茶
=IMAGE("http://m.suntory.co.jp/products/pimg/MW5LP_R1_20130719.jpg"),サントリー,ミネラルウォーター,南アルプスの天然水
=IMAGE("http://m.suntory.co.jp/products/pimg/MWD5E_R1_20130719.jpg"),サントリー,ミネラルウォーター,奥大山の天然水
=IMAGE("http://m.suntory.co.jp/products/pimg/MW5AF_R1_20130719.jpg"),サントリー,ミネラルウォーター,阿蘇の天然水
=IMAGE("http://m.suntory.co.jp/products/pimg/MWG5A_R1_20150316.jpg"),サントリー,ミネラルウォーター,南アルプスの天然水スパークリング
=IMAGE("http://m.suntory.co.jp/products/pimg/MWS5A_R1_20150316.jpg"),サントリー,ミネラルウォーター,南アルプスの天然水スパークリングレモン
=IMAGE("http://m.suntory.co.jp/products/pimg/MWF5L_R1_20160805.jpg"),サントリー,ミネラルウォーター,朝摘みオレンジ＆南アルプスの天然水
=IMAGE("http://m.suntory.co.jp/products/pimg/MWY6R_R1_20160805.jpg"),サントリー,ミネラルウォーター,ヨーグリーナ＆南アルプスの天然水
=IMAGE("http://m.suntory.co.jp/products/pimg/MWHMN_R1_20160805.jpg"),サントリー,ミネラルウォーター,はちみつレモン＆南アルプスの天然水
=IMAGE("http://m.suntory.co.jp/products/pimg/MWB3P_R1_20160223.jpg"),サントリー,ミネラルウォーター,朝摘みグレープ＆サントリー天然水
